Title,Score,ID,URL,Text
Trumped again,544,1grst83,https://i.redd.it/cubya6i6d11e1.png,
Yeetus fetus trump is angry,6849,c8t032,https://i.redd.it/03k92280c5831.jpg,
Grab em by the p*ssy circa: D. Trump,439,1dc7cm0,https://i.redd.it/43whq8m0rm5d1.jpeg,
If Trump was an old hag,1386,y8nrfu,https://i.redd.it/2z6gsvz5xvu91.jpg,
Trump ,46,1e2or23,https://i.redd.it/b6l438dnldcd1.jpeg,
Trump has appointed Arthur from Chamelot King of the Britons as the new House Speaker,7,1gr0t5s,https://i.redd.it/tap6o40z1u0e1.jpeg,Where did you get those coconuts? 
Maybe people can finally stop deleting the comments,7286,qa8ig7,https://v.redd.it/x8mdmu8ut2u71,
Chow down on chicken from Popeyes,7091,jv7ht9,https://i.redd.it/9jmgpzvf2mz51.jpg,
"Inflation Canâ€™t Be That Bad? ""#trump #makeamericagreatagain #politics #memes #funny #vegas #trending #trendingreels #viral #influencer #inflation""",0,1gbm6bs,https://www.instagram.com/reel/DBXhUmWS2hh/?igsh=M3J3b2ozNnRnczVu,#mcdonalds 
"Mr Trump, please stop",0,1g0kwq0,https://i.redd.it/8piwt17z1ytd1.jpeg,
